<?xml version="1.0" encoding="UTF-8"?>
<!DOCTYPE hibernate-configuration PUBLIC
"-//Hibernate/Hibernate Configuration DTD 3.0//EN"
"http://hibernate.sourceforge.net/hibernate-configuration-3.0.dtd">
<hibernate-configuration>
<session-factory>
<property name="connection.driver_class">com.mysql.jdbc.Driver</property>
<property name="connection.url">jdbc:mysql://localhost:3306/hdb</property>
<property name="connection.username">root</property>
<property name="dialect">org.hibernate.dialect.MySQLDialect</property>
<property name="hbm2ddl.auto">update</property>
<mapping resource="student.hbm.xml"></mapping>
<!--   <mapping resource="emp.hbm.xml"></mapping>
<mapping class="com.scs.Employee"></mapping>-->
<mapping resource="vendor.xml"></mapping>
<mapping resource="customer.xml"></mapping>
</session-factory>
</hibernate-configuration>