<?xml version="1.0"?>
<!DOCTYPE hibernate-mapping PUBLIC
"-//Hibernate/Hibernate Mapping DTD 3.0//EN"
"http://hibernate.sourceforge.net/hibernate-mapping-3.0.dtd">
<hibernate-mapping>
<class name="com.hiberrelationship.Vendor" table="vendor">

<id name="vendorid" column="vendid"  />
<property name="vendorname" column="vendname" length="10"/>

<set name="children" cascade="all" >

<key column="vendid" />
<one-to-many class="com.hiberrelationship.Customer" />
</set>
</class>
</hibernate-mapping>